{
  "name":"Mercedes-Benz SLS AMG",
  "year":2011,
  "imageURL": "https://upload.wikimedia.org/wikipedia/commons/thumb/2/2e/Mercedes-Benz_SLS_AMG_%28C_197%29_%E2%80%93_Frontansicht_ge%C3%B6ffnet%2C_10._August_2011%2C_D%C3%BCsseldorf.jpg/800px-Mercedes-Benz_SLS_AMG_%28C_197%29_%E2%80%93_Frontansicht_ge%C3%B6ffnet%2C_10._August_2011%2C_D%C3%BCsseldorf.jpg",
  "engine": {
    "type":"M156 E63",
    "size":"6208 cc",
    "configuration": "V8"
  },
  "brakes" : {
    "front":"360 mm",
    "back":"340 mm"
  }
}
